Id,사진,이름,준공년도,리모델링년도,빌딩타입,위치,면적,지상층수,지하층수,전_에너지소비량,후_에너지소비량,에너지저감율,전_벽열관류율,후_벽열관류율,벽열관류율_향상율,전_바닥열관류율,후_바닥열관류율,바닥열관류율_향상율,전_지붕열관류율,후_지붕열관류율,지붕열관류율_향상율,전_창문열관류율,후_창문열관류율,창문열관류율_향상율,전_기밀성,후_기밀성,기밀성_향상율,전_일사차폐계수,후_일사차폐계수,일사차폐계수_향상율,전_이산화탄소배출량,후_이산화탄소배출량,이산화탄소배출량_향상율
1,,충북 보은군 장애인회관,2002,2015.619048,8,4,1565,4,0,144089,129680.1,0.104,0.595,0.26,0.56302521,2.77,0.58,0.790613718,4.195,0.15,0.964243147,0.595,0.42,0.294117647,37.58,5,0.866950506,0.44,0.565,-0.284090909,61094,54984,0.100009821
2,,경북 성주군청사,1995,2015.619048,11,11,9179.64,6,1,3531408,828921.4,0.765271699,0.581,0.32,0.449225473,3.289,0.31,0.905746427,0.18,0.18,0,4,1.623,0.59425,37.58,0.19,0.994944119,2.61,0.595,0.772030651,1497317,351463,0.765271482
3,,강원 양구군청사,1984,2015.619048,11,16,3533,3,0,369375.15,303256.9982,0.179,0.9,0.239,0.734444444,2.634,2.634,0,0.679,0.126,0.81443299,2.8,1.5,0.464285714,10.48,5,0.522900763,0.563,0.474,0.158081705,290461,140029,0.51790774
4,,전남 영암군 군서면사무소,1991,2015.619048,11,9,762.9,2,0,112222.59,60192.81,0.463630184,0.463,0.208,0.55075594,1.312,0.35,0.733231707,1.868,0.172,0.907922912,4,1.811,0.54725,37.58,5,0.866950506,2.61,0.595,0.772030651,47583,25522,0.463631969
5,,전남 영암군 미암면사무소,1988,2015.619048,11,9,566,2,0,111935.763,66524.88,0.405686992,0.462,0.208,0.54978355,1.312,0.35,0.733231707,2.033,0.185,0.909001476,4,1.811,0.54725,37.58,5,0.866950506,2.61,0.595,0.772030651,47461,28207,0.405680453
6,,한국 폴리텍대학 창원캠퍼스,1981,2015.619048,7,12,3104,2,1,1545461.992,404859.06,0.738033635,1.045,0.278,0.733971292,1.312,0.35,0.733231707,2.033,0.185,0.909001476,3.6,1.3,0.638888889,37.58,5,0.866950506,2.61,0.595,0.772030651,655276,171660,0.73803405
7,,대전광역시청사,1999,2015.619048,11,13,87742,21,2,7338384,5723939.52,0.22,3.7,1.8,0.513513514,0.365,0.25,0.315068493,0.611,0.18,0.705400982,2.9,0.42,0.855172414,37.58,5,0.866950506,0.42,0.42,0,3111475,2426951,0.219999839
8,,세종시청 조치원청사 C동,1988,2015.619048,11,7,1647,3,0.979591837,221359,174342.3484,0.2124,0.619,0.309,0.500807754,0.639,0.639,0,0.706,0.145,0.794617564,5.3,1.8,0.660377358,37.58,5,0.866950506,0.82,0.56,0.317073171,93856,73921,0.212399847
9,,헌법재판소,1993,2015.619048,11,1,19270,5,1,6925156.25,2216050,0.68,0.643,0.26,0.595645412,1.312,0.29,0.778963415,1.037,0.15,0.855351977,4,1.5,0.625,13.72,5,0.635568513,2.61,0.595,0.772030651,939605,32224373,0.329
10,,부산연제경찰서,1991,2015.619048,11,14,7357,4,1,595200,364857.6,0.387,2.68,0.32,0.880597015,1.312,0.35,0.733231707,1.037,0.18,0.826422372,3.596,1.8,0.499443826,25.81,5,0.806276637,2.61,0.595,0.772030651,252365,154700,0.38699899
11,,제주도 서귀포시 평생학습관,1998,2015.619048,11,17,1016,2,1,720000,519120,0.279,0.56,0.32,0.428571429,1.312,0.47,0.641768293,1.037,0.25,0.758919961,3.596,2.2,0.388209121,14.23,5,0.648629656,2.61,0.595,0.772030651,305280,220107,0.278999607
12,,강릉 장애인직업재활시설 사랑의 일터,2003,2015.619048,8,16,630,2,0.979591837,108000,66528,0.384,0.54,0.32,0.407407407,1.312,0.24,0.817073171,1.037,0.15,0.855351977,3.596,1.5,0.582869855,44.04,5,0.886466848,2.61,0.595,0.772030651,45792,28208,0.383997205
13,,정보통신기술진흥센터 청사,1995,2015.619048,11,6,19354,6,1,9551450.685,3836063.882,0.598378926,3.264,0.26,0.920343137,1.312,0.29,0.778963415,1.037,0.15,0.855351977,2.9,1.5,0.482758621,22.4,5,0.776785714,22.4,5,0.776785714,4049815,1626491,0.598378938
14,,전남 보성군 복내면사무소,1989,2015.619048,11,10,495,2,0.979591837,222722.848,83570.606,0.62477758,0.56,0.232,0.585714286,1.312,0.35,0.733231707,1.037,0.169,0.837029894,1.43,1.8,-0.258741259,37.58,5,0.866950506,2.61,0.583,0.776628352,94435,35434,0.624778948
15,,경기도 부천시 춘의동사무소,1985,2015.619048,11,2,731,3,1,316337.346,128902.536,0.592515593,1.18,0.26,0.779661017,1.312,0.29,0.778963415,1.037,0.15,0.855351977,3.6,1.5,0.583333333,16.34,5,0.694002448,2.61,0.595,0.772030651,134127,54655,0.592513066
16,,한국연구재단 대전청사 본관,1990,2015.619048,11,6,5443,4,1,20792681.13,10446243,0.4976,1.968,0.125,0.93648374,1.312,0.29,0.778963415,1.968,0.18,0.908536585,1.968,0.973,0.505589431,11.9,11.9,0,2.61,0.127,0.951340996,8816097,4429207,0.497600015
17,,한국교통대학교 화학생명관,1985,2015.619048,7,4,7367,4,1,2956377.1,770588.2,0.739347122,0.348,0.26,0.252873563,1.312,0.29,0.778963415,1.037,0.15,0.855351977,4,1.5,0.625,15.8,5,0.683544304,2.61,0.595,0.772030651,1253504,326729,0.739347461
18,,강릉 입암3아파트 사회복지관,1994,2015.619048,11,16,1615.01,2,1,132000,80784,0.388,3.42,0.32,0.906432749,1.312,0.24,0.817073171,1.037,0.15,0.855351977,3.596,1.5,0.582869855,14.87,5,0.663752522,2.61,0.595,0.772030651,55968,34252,0.388007433
19,,경기도 시흥시 ABC 행복학습타운,1988,2015.619048,7,2,17784,3,1,7698693.6,3375403.2,0.561561562,0.356,0.24,0.325842697,1.312,0.29,0.778963415,1.037,0.15,0.855351977,3.5,1.5,0.571428571,26.16,5,0.808868502,2.61,0.595,0.772030651,3264246,1431171,0.561561537
20,,대구 달서구청,1992,2015.619048,11,13,17898,8,1,1260984,923040.288,0.268,0.39,0.32,0.179487179,1.312,0.35,0.733231707,1.037,0.18,0.826422372,3.596,1.8,0.499443826,25.36,5,0.802839117,2.61,0.595,0.772030651,534657,391369,0.267999858
21,,충청북도 자치연수원 공무원교육관,1996,2015.619048,11,4,9591,3,1,4135639.2,1331230.8,0.678107607,0.282,0.26,0.078014184,1.312,0.29,0.778963415,1.037,0.15,0.855351977,3.6,1.5,0.583333333,81.32,5,0.938514511,2.61,0.595,0.772030651,1753511,564442,0.678107523
22,,충주 성내동우체국,1977,2015.619048,11,4,2863,3,1,596568.75,173004.9375,0.71,7.245,0.26,0.964113182,1.312,0.29,0.778963415,1.037,0.15,0.855351977,6.6,1.5,0.772727273,11.76,5,0.574829932,2.61,0.595,0.772030651,252945,73354,0.710000198
23,,구) 남원역사,1986,2015.619048,11,8,761,1,0,319729.4964,133327.2,0.583,3.115,0.244,0.921669342,1.312,0.35,0.733231707,3.115,0.199,0.93611557,3.596,1.479,0.588709677,37.58,5,0.866950506,2.61,0.272,0.895785441,135565,56531,0.582997086
24,,전남 광양시 의회청사,1993,2015.619048,11,9,6895,5,1,3279951.5,1028734,0.686356948,0.72,0.32,0.555555556,1.312,0.35,0.733231707,1.037,0.15,0.855351977,2.1,1.8,0.142857143,88.93,5,0.943776004,2.61,0.595,0.772030651,1390700,436183,0.68635723
25,,충북 음성군청 본청사,1995,2015.619048,11,4,8684,6,1,3126240,1240943.6,0.603055556,1.6,0.24,0.85,1.312,0.29,0.778963415,1.037,0.15,0.855351977,4,1.5,0.625,40.53,5,0.876634592,2.61,0.595,0.772030651,1325526,526160,0.603055693
26,,진주 평거2주공아파트,1991,2015.619048,2,12,22036,6,1,3759341.6,1947982.4,0.481828839,1.18,0.31,0.737288136,0.521,0.31,0.404990403,0.54,0.18,0.666666667,5.3,1.2,0.773584906,8.85,5,0.435028249,2.61,0.595,0.772030651,1593961,825944,0.481829229
27,,충북 중앙경찰학교 1강의동,1987,2015.619048,7,4,8732,4,1,2410080.444,1737668,0.279,3.8,0.175,0.953947368,1.312,0.29,0.778963415,1.037,0.118,0.886210222,3.596,1.028,0.714126808,37.58,5,0.866950506,2.61,0.27,0.896551724,1021874,736771,0.279000151
28,,과천시민회관,1995,2015.619048,11,2,41056,4,3,21781291,10715616,0.508035773,3.8,0.198,0.947894737,1.312,0.29,0.778963415,1.037,0.145,0.860173578,3.596,1.459,0.594271413,37.58,5,0.866950506,2.61,0.35,0.865900383,9235267,4543421,0.508035772
29,,경북 구미시청 본관,1979,2015.619048,11,11,8360,5,1,2895218.783,1627692,0.4378,0.37,0.24,0.351351351,1.312,0.35,0.733231707,1.037,0.18,0.826422372,3.6,1.5,0.583333333,44.59,5,0.887867235,2.61,0.595,0.772030651,1227573,690141,0.43780044
30,,부산 금정구청,1991,2015.619048,11,14,14464,8,2,7276322.778,2849408,0.6084,3.8,0.32,0.915789474,1.312,0.35,0.733231707,1.037,0.18,0.826422372,4,1.8,0.55,95.85,5,0.947835159,2.61,0.595,0.772030651,3085161,1208149,0.608400015
31,,경남 하동군청사,1992,2015.619048,11,12,5330,3,1,1411850.229,708890,0.4979,0.9,0.32,0.644444444,1.312,0.35,0.733231707,1.037,0.18,0.826422372,2.3,1.08,0.530434783,36.58,5,0.863313286,2.61,0.595,0.772030651,598624,300569,0.497900184
32,,하남시 신장도서관,1996,2015.619048,3,2,2145,3,1,539635,51980.5,0.903674706,3.8,0.17,0.955263158,1.312,0.29,0.778963415,1.037,0.17,0.836065574,3.596,1.27,0.646829811,37.58,5,0.866950506,2.61,0.33,0.873563218,228805,22040,0.903673434
33,,부산 중구청,1988,2015.619048,11,14,7860,8,2,2266974.265,1233234,0.456,1.7,0.32,0.811764706,1.312,0.35,0.733231707,1.037,0.18,0.826422372,4,1.8,0.55,35.62,5,0.859629422,2.61,0.595,0.772030651,961197,522891,0.456000175
34,,대구 시립중앙도서관,1985,2015.619048,7,13,10181,4,1,2696309.553,1326584.3,0.508,3.8,0.152,0.96,1.312,0.35,0.733231707,1.037,0.144,0.861137898,3.596,1.347,0.62541713,37.58,5,0.866950506,2.61,0.36,0.862068966,1143235,562472,0.507999668
35,,충남 청양 우체국,1991,2015.619048,11,5,1569,2,1,377333.3333,141500,0.625,3.8,0.149,0.960789474,1.312,0.29,0.778963415,1.037,0.17,0.836065574,3.596,1.27,0.646829811,37.58,5,0.866950506,2.61,0.33,0.873563218,159989,59996,0.624999219
36,,국립농산물품질관리원 경남지원,1988,2015.619048,11,12,1697,5,1,544906.7,235543.6,0.567735908,1.7,0.32,0.811764706,1.312,0.35,0.733231707,1.037,0.18,0.826422372,3.2,1.8,0.4375,50.97,5,0.90190308,2.61,0.595,0.772030651,231041,99871,0.567734731
37,,한국철도공사 동대구역사(다시확인),1971,2015.619048,11,13,31965,5,1,52934040,10206424.5,0.80718599,0.55,0.32,0.418181818,1.312,0.35,0.733231707,1.037,0.18,0.826422372,5.3,1.8,0.660377358,126.85,5,0.960583366,2.61,0.595,0.772030651,24440333.3,4327524,0.822935148
38,,전남 장성군 북일면 행정복지센터,1989,2015.619048,11,9,722,2,0.979591837,314575.4,88156.2,0.719761304,0.66,0.32,0.515151515,1.312,0.35,0.733231707,1.037,0.18,0.826422372,3.1,1.8,0.419354839,20.62,5,0.757516974,2.61,0.595,0.772030651,133380,37378,0.719763083
39,,강원대학교 농업생명과학대학 1호관,1978,2015.619048,7,16,4222,4,1,6842430,887464.4,0.87029982,3.8,0.149,0.960789474,1.312,0.24,0.817073171,1.037,0.17,0.836065574,3.596,1.27,0.646829811,37.58,5,0.866950506,2.61,0.33,0.873563218,2901190,376285,0.870299774
40,,서울 서초구 서운중학교,1984,2015.619048,7,1,8662,4,1,207960.334,99613,0.521,3.8,0.125,0.967105263,1.312,0.29,0.778963415,1.037,0.129,0.8756027,3.596,1.028,0.714126808,37.58,5,0.866950506,2.61,0.27,0.896551724,88175,42236,0.520998015
41,,서울대학교 공학관2(31동),1979,2015.619048,7,1,6987,4,1,2541778.125,1382727.3,0.456,3.8,0.177,0.953421053,1.312,0.29,0.778963415,1.037,0.128,0.87656702,3.596,1.028,0.714126808,37.58,5,0.866950506,2.61,0.27,0.896551724,1077714,586276,0.456000386
42,,한국철도공사서울사옥(다시확인),1979,2015.619048,11,1,23272.28,8,2,9982964.321,6099591.2,0.389,3.8,0.213,0.943947368,1.312,0.29,0.778963415,1.037,0.129,0.8756027,3.596,1.028,0.714126808,37.58,5,0.866950506,2.61,0.27,0.896551724,4232777,2586227,0.38899994
43,,부산 범일2동 주민센터,1989,2015.619048,11,14,400.26,2,0.979591837,159755.4763,31360,0.8037,5.6,0.32,0.942857143,1.312,0.35,0.733231707,1.037,0.18,0.826422372,6.6,1.8,0.727272727,57.03,5,0.912326846,2.61,0.595,0.772030651,67736,13297,0.803693752
44,,대구 침산1동 주민센터,1992,2015.619048,11,13,551.48,2,1,146446.2381,50802.2,0.6531,2.5,0.32,0.872,1.312,0.35,0.733231707,1.037,0.18,0.826422372,5.3,1.8,0.660377358,36.58,5,0.863313286,2.61,0.595,0.772030651,62093,21540,0.653100994
45,,한국 환경산업 기술원 연수동,1977,2015.619048,11,1,3514,4,1,1998763,667660,0.6659,3.8,0.189,0.950263158,2.865,0.3,0.895287958,3.154,0.126,0.960050729,4,1.47,0.6325,37.58,5,0.866950506,0.688,0.516,0.25,847476,283088,0.665963402
46,,인천 의료원 장례식장,1997,2015.619048,15,3,3469,4,1,2004388,1225598,0.389,0.58,0.239,0.587931034,0.58,0.353,0.39137931,0.41,0.162,0.604878049,3.596,2,0.443826474,37.58,2,0.946780202,0.688,0.516,0.25,849861,519654,0.388542362
47,,춘천 교도소,1981,2015.619048,16,16,112554,2,0.979591837,67982616,26393913,0.59,3.8,0,1,1.312,0.24,0.817073171,1.037,0.15,0.855351977,3.596,1.5,0.582869855,37.58,5,0.866950506,2.61,0.516,0.802298851,28824629,11191019,0.611754968
48,,목포 대학교 사회 과학관,1982,2015.619048,7,9,13605,4,1,4402578,2613521,0.407,2.46,0.34,0.861788618,0.58,0.139,0.760344828,0.58,0.139,0.760344828,3.596,1.8,0.499443826,37.58,5,0.866950506,0.76,0.4,0.473684211,1866693,1108133,0.406365696
49,,정읍시 연지청사,1990,2015.619048,11,8,1739,4,1,536829,379102,0.2906,0.52,0.18,0.653846154,1.96,1.96,0,0.56,0.18,0.678571429,3.6,1.4,0.611111111,37.58,5,0.866950506,0.76,0.57,0.25,227615,160739,0.293811919
50,,거창 여자고등학교,1972,2015.619048,7,12,9487,3,0.979591837,2521645,1613739,0.36,0.709,0.29,0.590973202,3.215,0.37,0.884914463,0.703,0.19,0.72972973,3.1,1.16,0.625806452,37.58,5,0.866950506,0.73,0.53,0.273972603,1069177,684225,0.360045156
51,,통영시청 제2청사,1988.588235,2015.619048,11,12,5684.6,5,1,151210,85275,0.242,0.328,0.02,0.93902439,0.97,0.35,0.639175258,0.5,0.18,0.64,3.159,1.771,0.43937955,37.58,5,0.866950506,2.61,0.595,0.772030651,64113,36157,0.436042612
52,,영천시청 본관,1988.588235,2015.619048,11,11,5495.5,3,0,778712,676008,0.1299,0.27,0.24,0.111111111,1.164,0.35,0.699312715,0.582,0.15,0.742268041,1.8,1.8,0,37.58,5,0.866950506,2.61,0.595,0.772030651,330174,286627,0.131891063
53,,경찰청사 남관,1988.588235,2015.619048,11,1,3571,15,0.979591837,136315.1,87581.44,0.3575,1.347,1.068,0.207126949,1.164,0.29,0.750859107,0.582,0.15,0.742268041,1.347,0.631,0.531551596,37.58,5,0.866950506,2.61,0.595,0.772030651,57798,37134,0.357521021
54,,서울도봉경찰서,1988.588235,2015.619048,11,1,9099.9,4,1,779861,591500,0.2439,0.582,0.24,0.587628866,0.582,0.29,0.501718213,0.407,0.15,0.631449631,4,1.3,0.675,37.58,5,0.866950506,2.61,0.595,0.772030651,330661,250796,0.241531357
55,,전라북도 농업기술원,1988.588235,2015.619048,7,8,14413.5,3,0,665903,475662,0.279,0.756,0.129,0.829365079,0.756,0.29,0.616402116,0.523,0.12,0.770554493,3.2,1.277,0.6009375,37.58,5,0.866950506,2.61,0.595,0.772030651,282343,201681,0.285687975
56,,통영시 수산과학관,1988.588235,2015.619048,7,12,3587,2,1,101871,57392,0.2435,0.604,0.02,0.966887417,0.604,0.35,0.420529801,0.148,0.18,-0.216216216,3.7,1.8,0.513513514,37.58,5,0.866950506,2.61,0.595,0.772030651,43193,24334,0.436621675
57,,목포자연사박물관 자연사관동,1988.588235,2015.619048,7,9,6610.9,4.298245614,0.979591837,367566,284273,0.223,0.55,0.32,0.418181818,0.526,0.35,0.33460076,0.47,0.18,0.617021277,4,1.8,0.55,37.58,5,0.866950506,2.61,0.595,0.772030651,155848,120532,0.22660541
58,,동학농민혁명기념관(전시관동),1988.588235,2015.619048,3,8,3945.7,4.298245614,0.979591837,380365,292004,0.2282,0.604,0.24,0.602649007,0.604,0.29,0.51986755,0.418,0.15,0.641148325,3.1,0.848,0.726451613,37.58,5,0.866950506,2.61,0.595,0.772030651,161275,123810,0.232305069
59,,서울대학교 052(예술관(미대)3),1988.588235,2015.619048,7,1,4383.7,4.298245614,0.979591837,586977,306880,0.481,2.095,0.24,0.885441527,1.746,0.29,0.833906071,1.047,0.15,0.856733524,4,1.5,0.625,37.58,5,0.866950506,2.61,0.595,0.772030651,248878,130117,0.477185609
60,,서울대학교 021(약학관1),1988.588235,2015.619048,7,1,6575.5,4.298245614,0.979591837,393872,170976,0.418,2.095,0.24,0.885441527,1.746,0.29,0.833906071,1.047,0.15,0.856733524,4,1.5,0.625,37.58,5,0.866950506,2.61,0.595,0.772030651,167002,72494,0.56590939
61,,충남대학교 실내체육관,1988.588235,2015.619048,7,6,3682,4.298245614,0.979591837,354208,279832,0.2058,0.582,0.24,0.587628866,1.164,0.29,0.750859107,0.582,0.15,0.742268041,3.492,1.5,0.570446735,37.58,5,0.866950506,2.61,0.595,0.772030651,150184,118649,0.209975763
62,,충남대학교 중앙도서관,1988.588235,2015.619048,7,6,21618,4.298245614,0.979591837,727803,465161,0.361,1.544,0.161,0.895725389,1.407,0.29,0.793887704,0.644,0.15,0.767080745,4,1.5,0.625,37.58,5,0.866950506,2.61,0.595,0.772030651,308588,197228,0.360869509
63,,수정청소년수련관,1988.588235,2015.619048,9,2,7746.4,4.298245614,0.979591837,764569,503490,0.3434,0.582,0.24,0.587628866,0.582,0.29,0.501718213,0.407,0.15,0.631449631,4,1.5,0.625,37.58,5,0.866950506,2.61,0.595,0.772030651,324177,213480,0.341470863
64,,동작구문화복지센터(보건소),1988.588235,2015.619048,6,1,10022,4.298245614,0.979591837,927035,831826,0.1027,0.582,0.24,0.587628866,0.582,0.29,0.501718213,0.407,0.15,0.631449631,2.9,1.374,0.526206897,37.58,5,0.866950506,2.61,0.595,0.772030651,393063,352694,0.102703638
65,,단양 수련시설,1994,2015,9,4,8220.18,5.862068966,1,907507.87,630487.8,0.305253628,0.946,0.24,0.746300211,0.328,0.29,0.115853659,0.56,0.15,0.732142857,3.59,1.5,0.582172702,37.58,5,0.866950506,0.62,0.35,0.435483871,384783,267327,0.305252571
66,,여수 하희현가 그린리모델링,1998,2017,1,9,18184,3,0,4451443.2,2751239.2,0.381944444,0.946,0.104,0.890063425,0.328,0.29,0.115853659,0.56,0.15,0.732142857,3.59,0.89,0.752089136,37.58,5,0.866950506,0.62,0.35,0.435483871,1887412,1166525,0.381944695
67,,외유내강,1969,2017,1,14,204.82,2,1,59336.35,38710.98,0.347600923,0.946,0.22,0.76744186,0.328,0.22,0.329268293,0.56,0.18,0.678571429,3.59,1.2,0.665738162,37.58,5,0.866950506,0.62,0.35,0.435483871,25158,16413,0.347603148
68,,부평 단독주택,1984,2016,1,3,146.13,2,1,109907.29,37999.64,0.654257329,0.946,0.24,0.746300211,0.328,0.29,0.115853659,0.56,0.15,0.732142857,3.59,1.5,0.582172702,37.58,5,0.866950506,0.62,0.35,0.435483871,46601,16112,0.654256346
69,,경기도 수원시 권선구 단독주택 2층,1987,2016,1,2,209.43,2,1,8560,5747,0.328621495,0.946,0.24,0.746300211,0.328,0.29,0.115853659,0.56,0.15,0.732142857,3.59,1.5,0.582172702,37.58,5,0.866950506,0.62,0.35,0.435483871,3629,2437,0.328465142
70,,EAN 테크놀로지 신사옥,1998,2017,11,1,2000,10,1,238943.835,149164.94,0.375732209,0.58,0.223,0.615517241,0.328,0.29,0.115853659,0.56,0.15,0.732142857,3.37,1.495,0.556379822,37.58,5,0.866950506,0.62,0.42,0.322580645,101312,63246,0.375730417
71,,부평 단독주택,1984,2016,1,3,146,2,1,98053.23,33332.25,0.660059643,0.946,0.24,0.746300211,0.328,0.29,0.115853659,0.56,0.15,0.732142857,3.59,1.5,0.582172702,37.58,5,0.866950506,0.62,0.35,0.435483871,41574,14133,0.660051956
72,,한서빌딩,1983,2017,11,1,2467,5,1,362929.53,173692.99,0.521414006,0.946,0.24,0.746300211,0.328,0.29,0.115853659,0.56,0.15,0.732142857,3.59,1.5,0.582172702,37.58,5,0.866950506,0.62,0.35,0.435483871,153882,73645,0.521419009
73,,피닉스호텔,1976,2017,12,14,6858,15,2,4390921.28,1639652.16,0.62658129,0.946,0.32,0.661733615,0.328,0.35,-0.067073171,0.56,0.18,0.678571429,3.59,1.8,0.498607242,37.58,5,0.866950506,0.62,0.35,0.435483871,1861751,695212,0.626581643
74,,한국외국어대학교 글로벌캠퍼스 인문경상관,1985,2017,7,2,6599,4,1,2565691,1377211,0.46322024,0.946,0.24,0.746300211,0.328,0.29,0.115853659,0.56,0.15,0.732142857,3.59,1.5,0.582172702,37.58,5,0.866950506,0.62,0.35,0.435483871,1087853,583937,0.463220674
75,,경기도 용인시 처인구 단독주택,1996,2016,1,2,199,2,1,17306,10810,0.375361146,0.946,0.24,0.746300211,0.328,0.29,0.115853659,0.56,0.15,0.732142857,3.59,1.5,0.582172702,37.58,5,0.866950506,0.62,0.35,0.435483871,7338,4583,0.3754429
76,,광주 계림동 숙박시설 금수장관광호텔,1998,2016,12,10,3163,5.862068966,1,278494,187244,0.327655174,0.946,0.32,0.661733615,0.328,0.35,-0.067073171,0.56,0.18,0.678571429,3.59,1.8,0.498607242,37.58,5,0.866950506,0.62,0.35,0.435483871,118081,79391,0.327656439
77,,서초동 업무시설,1995,2015,11,1,14514,5.862068966,1,2881029,1991310,0.30881987,0.946,0.24,0.746300211,0.328,0.29,0.115853659,0.56,0.15,0.732142857,3.59,1.5,0.582172702,37.58,5,0.866950506,0.62,0.35,0.435483871,1221556,844315,0.308820062
78,,국도화학 공장,1997,2016,11,1,4826,5.862068966,1,158775,115705,0.271264368,0.523,0.296,0.434034417,0.328,0.29,0.115853659,0.56,0.15,0.732142857,4,2.1,0.475,37.58,5,0.866950506,0.62,0.35,0.435483871,67321,49059,0.271267509
79,,한국외대 글로벌 캠퍼스 어문학관,2002,2015,7,2,13172,4,1,4917107,3293000,0.330297266,0.946,0.24,0.746300211,0.328,0.29,0.115853659,0.56,0.15,0.732142857,3.59,1.5,0.582172702,37.58,5,0.866950506,0.62,0.35,0.435483871,2084853,1396232,0.330297148
80,,경북 영주 문수면 사무소,1985,2013,11,11,892,5.862068966,1,334589.2,222197.2,0.335910424,0.946,0.32,0.661733615,0.328,0.35,-0.067073171,0.56,0.18,0.678571429,3.59,1.8,0.498607242,37.58,5,0.866950506,0.62,0.35,0.435483871,141865.8208,94211.6128,0.335910424
81,,충북대학교 생활관(진리관),1990,2013,7,4,2655,5.862068966,1,679680,431703,0.36484375,0.946,0.24,0.746300211,0.328,0.29,0.115853659,0.56,0.15,0.732142857,3.59,1.5,0.582172702,37.58,5,0.866950506,0.62,0.35,0.435483871,288184.32,183042.072,0.36484375
82,,전북 고창 동리국악당(신재효고택동리국악당),1990,2014,3,8,2248,5.862068966,1,832434.4,604262.4,0.274102079,0.946,0.24,0.746300211,0.328,0.29,0.115853659,0.56,0.15,0.732142857,3.59,1.5,0.582172702,37.58,5,0.866950506,0.62,0.35,0.435483871,352952.1856,256207.2576,0.274102079
83,,충북 청주 시립 미술관,1978,2015,3,4,4546,5.862068966,1,1852949.6,1095586,0.408734053,0.946,0.24,0.746300211,0.328,0.29,0.115853659,0.56,0.15,0.732142857,3.59,1.5,0.582172702,37.58,5,0.866950506,0.62,0.35,0.435483871,785650.6304,464528.464,0.408734053
84,,서울세관 2동 청사,1982,2015,11,1,13346,5.862068966,1,4289348.7,2937746.7,0.31510658,0.946,0.24,0.746300211,0.328,0.29,0.115853659,0.56,0.15,0.732142857,3.59,1.5,0.582172702,37.58,5,0.866950506,0.62,0.35,0.435483871,1818683.849,1245604.601,0.31510658
85,,경기도청 제2별관,1990,2014,11,2,8120,8,2,2900464,1880592,0.35162374,0.946,0.24,0.746300211,0.328,0.29,0.115853659,0.56,0.15,0.732142857,3.59,1.5,0.582172702,37.58,5,0.866950506,0.62,0.35,0.435483871,1229796.736,797371.008,0.35162374
86,,경북 문경시청사,1990,2015,11,11,10067,4,1,3007012.9,2330510.5,0.224974891,0.946,0.24,0.746300211,0.328,0.29,0.115853659,0.56,0.15,0.732142857,3.59,1.5,0.582172702,37.58,5,0.866950506,0.62,0.35,0.435483871,1274973.47,988136.452,0.224974891
87,,한국수자원공사 물사랑어린이집,1988,2015,8,6,550,2,1,190190,148005,0.221804511,0.946,0.24,0.746300211,0.328,0.29,0.115853659,0.56,0.15,0.732142857,3.59,1.5,0.582172702,37.58,5,0.866950506,0.62,0.35,0.435483871,80640.56,62754.12,0.221804511
88,,한국건설기술연구원 (구교통연구원),1988,2015,11,2,8145,5.862068966,1,2775001.5,1525558.5,0.450249486,0.946,0.24,0.746300211,0.328,0.29,0.115853659,0.56,0.15,0.732142857,3.59,1.5,0.582172702,37.58,5,0.866950506,0.62,0.35,0.435483871,1176600.636,646836.804,0.450249486
89,,전남 무안군 농업기술센터,1988,2016,11,9,932,2,1,195254,134674,0.31026253,0.946,0.32,0.661733615,0.328,0.35,-0.067073171,0.56,0.18,0.678571429,3.59,1.8,0.498607242,37.58,5,0.866950506,0.62,0.35,0.435483871,82787.696,57101.776,0.31026253
90,,광주 시립 청소년 삶 디자인센터,1967,2015,6,10,8415,6,1,1374169.5,1077961.5,0.215554195,0.946,0.32,0.661733615,0.328,0.35,-0.067073171,0.56,0.18,0.678571429,3.59,1.8,0.498607242,37.58,5,0.866950506,0.62,0.35,0.435483871,582647.868,457055.676,0.215554195
91,,제주 서귀포의료원 (산후조리원),1982,2015,6,17,3624,4,2,829533.6,590349.6,0.288335518,0.946,0.41,0.566596195,0.328,0.47,-0.432926829,0.56,0.25,0.553571429,3.59,2.2,0.38718663,37.58,5,0.866950506,0.62,0.35,0.435483871,351722.2464,250308.2304,0.288335518
92,,한국도로공사 군위지사,1995,2015,11,11,1896,2,1,354741.6,270748.8,0.23677178,0.946,0.24,0.746300211,0.328,0.29,0.115853659,0.56,0.15,0.732142857,3.59,1.5,0.582172702,37.58,5,0.866950506,0.62,0.35,0.435483871,150410.4384,114797.4912,0.23677178
93,,한국과학기술원 기계공학동,1993,2016,7,6,30387,7,1,12273309.3,9973013.4,0.187422629,0.946,0.289,0.694503171,0.328,0.29,0.115853659,0.56,0.15,0.732142857,3.59,1.4,0.610027855,37.58,5,0.866950506,0.62,0.41238,0.334870968,5203883.143,4228557.682,0.187422629
94,,김포국제공항,1980,2018,11,1,77775,4,1,63433290,43196235,0.319028936,0.946,0.2,0.78858351,0.328,0.29,0.115853659,0.56,0.15,0.732142857,3.59,1.5,0.582172702,37.58,5,0.866950506,0.62,0.35,0.435483871,26895714.96,18315203.64,0.319028936
95,,경기도 따복기숙사(경기도기숙사),1984,2017,2,2,5510,5,1,983535,801154,0.185434174,0.946,0.27,0.714587738,0.328,0.29,0.115853659,0.56,0.15,0.732142857,3.59,2.1,0.415041783,37.58,5,0.866950506,0.62,0.35,0.435483871,417018.84,339689.296,0.185434174
96,,서울 강동구청 별관(성안별관),1979,2017,11,1,4705,5,1,1935637,505787.5,0.738697132,0.131,0.113,0.13740458,0.328,0.29,0.115853659,0.56,0.15,0.732142857,1.28,0.89,0.3046875,37.58,5,0.866950506,0.62,0.35,0.435483871,820710.088,214453.9,0.738697132
97,,대구 수성구청 별관,2003,2018,11,13,3100,5,1,1208690,897140,0.2577584,0.538,0.22,0.591078067,0.328,0.15,0.542682927,0.56,0.15,0.732142857,4,1.4,0.65,37.58,5,0.866950506,0.62,0.2175,0.649193548,512484.56,380387.36,0.2577584
98,,한국도로공사 홍천지사,1995,2017,11,16,1922,5.862068966,1,506254.8,257163.6,0.492027335,0.946,0.26,0.725158562,0.328,0.24,0.268292683,0.56,0.15,0.732142857,3.59,1.28,0.643454039,37.58,5,0.866950506,0.62,0.35,0.435483871,214652.0352,109037.3664,0.492027335
99,,한국방송통신대학교 열린관,1982,2018,7,1,5808,5.862068966,1,2008406.4,945542.4,0.529207634,0.946,0.213,0.774841438,0.328,0.29,0.115853659,0.56,0.15,0.732142857,3.59,1.289,0.640947075,37.58,5,0.866950506,0.62,0.35,0.435483871,851564.3136,400909.9776,0.529207634
100,,한국교통대학교 건축관,1985,2018,7,4,2666,3,0,866983.2,421494.6,0.513837638,0.946,0.21,0.778012685,0.328,0.29,0.115853659,0.56,0.15,0.732142857,3.59,1.7,0.526462396,37.58,5,0.866950506,0.62,0.35,0.435483871,367600.8768,178713.7104,0.513837638
101,,대구시 대명동 상가주택,1995,2006,1,13,6820.330732,2,1,110279,56453,0.488089301,2.6529,0.2948,0.888876324,0.328,0.35,-0.067073171,0.56,0.18,0.678571429,5.3,3.1,0.41509434,37.58,5,0.866950506,0.62,0.35,0.435483871,46758,23936,0.4880876
102,,경기도 안양시 ARK,1973,2016,1,2,204,3,0,83375,46471,0.442626687,0.946,0.219,0.768498943,0.328,0.29,0.115853659,0.56,0.15,0.732142857,3.59,0.933,0.740111421,37.58,0.63,0.983235764,0.62,0.35,0.435483871,35351,19704,0.442618313
103,,DPR Construction Phoenix Regional Office(NZEB),1972,2011,11,23,1519.43,1.648648649,0.054054054,2000,20,0.99,0.946,0.45,0.524312896,1.312,0.45,0.657012195,1.037,0.25,0.758919961,3.596,3.3,0.082313682,37.58,5,0.866950506,2.61,0.595,0.772030651,848,8,0.990566038
104,,The George D. Aiken Center at the University of Vermont,1982,2011,7,25,3716.12,1.648648649,0.054054054,281.0810811,104,0.63,0.946,0.45,0.524312896,1.312,0.45,0.657012195,1.037,0.25,0.758919961,3.596,3.3,0.082313682,37.58,5,0.866950506,2.61,0.595,0.772030651,119,44,0.630252101
105,,5Pev,1954.714286,2014,2,56,84.08,1.648648649,0.054054054,216.1290323,67,0.69,0.946,0.44,0.534883721,1.312,0.45,0.657012195,1.037,0.25,0.758919961,3.596,3.3,0.082313682,37.58,5,0.866950506,2.61,0.595,0.772030651,41,14,0.658536585
106,,A2Dominion- Northholt,1954.714286,2010.348624,2,32,79.9,1.648648649,0.054054054,98,49,0.5,0.946,0.16,0.830866808,1.312,0.45,0.657012195,1.037,0.05,0.951783992,3.596,0.9,0.749721913,37.58,5,0.866950506,2.61,0.595,0.772030651,21,9,0.571428571
107,,Almshouses,1954.714286,2010,2,34,27.87,1.648648649,0.054054054,350,70,0.8,0.946,0.7,0.260042283,1.312,0.54,0.588414634,1.037,0.25,0.758919961,3.596,3.3,0.082313682,37.58,5,0.866950506,2.61,0.595,0.772030651,148,30,0.797297297
108,,Barbrook PassivHaus,1954.714286,2010,2,33,71.07,1.648648649,0.054054054,641.6666667,77,0.88,0.946,0.13,0.862579281,1.312,0.2,0.847560976,1.037,0.1,0.903567985,3.596,3.3,0.082313682,37.58,5,0.866950506,2.61,0.595,0.772030651,157,9,0.942675159
109,,BISF Steel Frame House,1954.714286,2010,2,34,88.26,1.648648649,0.054054054,318.5185185,172,0.46,0.946,0.11,0.88372093,1.312,0.43,0.672256098,1.037,0.17,0.836065574,3.596,1.5,0.582869855,37.58,5,0.866950506,2.61,0.595,0.772030651,62,39,0.370967742
110,,Bringing Wates homes into the Future,1954.714286,2010,2,49,75.25,1.648648649,0.054054054,691.4285714,242,0.65,0.946,0.35,0.630021142,1.312,0.45,0.657012195,1.037,0.25,0.758919961,3.596,3.3,0.082313682,37.58,5,0.866950506,2.61,0.595,0.772030651,146,51,0.650684932
111,,Bristol Retrofit,1954.714286,2013,2,35,188.13,1.648648649,0.054054054,220.5882353,75,0.66,0.946,0.35,0.630021142,1.312,0.45,0.657012195,1.037,0.25,0.758919961,3.596,3.3,0.082313682,37.58,5,0.866950506,2.61,0.595,0.772030651,40,14,0.65
112,,City West Homes,1954.714286,2010,2,32,59.46,1.648648649,0.054054054,517.2413793,150,0.71,0.946,0.35,0.630021142,1.312,0.48,0.634146341,1.037,0.25,0.758919961,3.596,3.3,0.082313682,37.58,5,0.866950506,2.61,0.595,0.772030651,99,30,0.696969697
113,,Compton,,,,,,,,,,,,,,,,,,,,,,,,,,,,,,,
114,,Hospital in Egypt,1954.714286,2010.348624,2,66,31029.6,1.648648649,0.054054054,555.3090429,327.6323353,0.41,0.946,0.4,0.577167019,1.312,0.45,0.657012195,1.037,0.25,0.758919961,3.596,3.14,0.126807564,37.58,5,0.866950506,2.61,0.595,0.772030651,214,139,0.35046729
115,,435 Indio Way(NZEB),1954.714286,2014,11,20,2950.6,1.648648649,0.054054054,7500,75,0.99,0.946,0.05,0.947145877,1.312,0.45,0.657012195,1.037,0.025,0.975891996,3.596,0.4,0.888765295,37.58,5,0.866950506,2.61,0.595,0.772030651,3180,32,0.989937107
116,,mid-terrace Victorian house,1954.714286,2010,2,32,60.39,1.648648649,0.054054054,519.047619,109,0.79,0.946,0.35,0.630021142,1.312,0.45,0.657012195,1.037,0.25,0.758919961,3.596,2.7,0.24916574,37.58,5,0.866950506,2.61,0.595,0.772030651,98,23,0.765306122
117,,Chale Green,1954.714286,2010,2,37,88.26,1.648648649,0.054054054,835.7142857,117,0.86,0.946,0.15,0.841437632,1.312,0.45,0.657012195,1.037,0.25,0.758919961,3.596,0.7,0.805339266,37.58,5,0.866950506,2.61,0.595,0.772030651,168,28,0.833333333
118,,Crawley Homes,1954.714286,2010,2,38,90.58,1.648648649,0.054054054,323.0769231,126,0.61,0.946,0.15,0.841437632,1.312,0.38,0.710365854,1.037,0.25,0.758919961,3.596,0.7,0.805339266,37.58,5,0.866950506,2.61,0.595,0.772030651,65,31,0.523076923
119,,Drum Housing Association,1954.714286,2010,2,40,68.75,1.648648649,0.054054054,619.3548387,192,0.69,0.946,0.35,0.630021142,1.312,0.22,0.832317073,1.037,0.16,0.845708775,3.596,3.3,0.082313682,37.58,5,0.866950506,2.61,0.595,0.772030651,156,45,0.711538462
120,,Penwith Housing,1954.714286,2010,2,41,65.03,1.648648649,0.054054054,486.3636364,107,0.78,0.946,0.2,0.78858351,1.312,0.02,0.984756098,1.037,0.25,0.758919961,3.596,0.7,0.805339266,37.58,5,0.866950506,2.61,0.595,0.772030651,38,25,0.342105263
121,,Sarsen Housing,1954.714286,2010,2,42,76.18,1.648648649,0.054054054,550,66,0.88,0.946,0.25,0.735729387,1.312,0.45,0.657012195,1.037,0.15,0.855351977,3.596,3.3,0.082313682,37.58,5,0.866950506,2.61,0.595,0.772030651,143,16,0.888111888
122,,East Midlands Housing,1954.714286,2010,2,43,70.61,1.648648649,0.054054054,676.9230769,88,0.87,0.946,0.12,0.873150106,1.312,0.12,0.908536585,1.037,0.1,0.903567985,3.596,3.3,0.082313682,37.58,5,0.866950506,2.61,0.595,0.772030651,120,17,0.858333333
123,,Grove Housing Association,1896,2010,2,63,89.19,1,0.054054054,468.75,75,0.84,0.946,0.15,0.841437632,1.312,0.1,0.923780488,1.037,0.1,0.903567985,3.596,0.8,0.77753059,37.58,5,0.866950506,2.61,0.595,0.772030651,99,18,0.818181818
124,,Eco-retrofit Bolton,1954.714286,2012,2,35,83.61,1,0.054054054,33.87096774,21,0.38,0.946,0.15,0.841437632,1.312,0.201,0.84679878,1.037,0.15,0.855351977,3.596,0.7,0.805339266,37.58,5,0.866950506,2.61,0.595,0.772030651,69,50,0.275362319
125,,BYRON G. ROGERS FEDERAL BUILDING,1965,2013,10,22,45986.99,17,0.054054054,255.1020408,125,0.51,0.946,0.45,0.524312896,1.312,0.45,0.657012195,1.037,0.25,0.758919961,3.596,3.3,0.082313682,37.58,5,0.866950506,2.61,0.595,0.772030651,108,53,0.509259259
126,,Eco-retrofit Brierfield,1954.714286,2010,2,44,169.08,1,0.054054054,226.0869565,104,0.54,0.946,0.2,0.78858351,1.312,0.171,0.869664634,1.037,0.163,0.842815815,3.596,0.9,0.749721913,37.58,5,0.866950506,2.61,0.595,0.772030651,46,20,0.565217391
127,,Eco-retrofit Colne,1954.714286,2010,2,44,88.72,1,0.054054054,276.8292683,227,0.18,0.946,0.15,0.841437632,1.312,0.201,0.84679878,1.037,0.15,0.855351977,3.596,0.7,0.805339266,37.58,5,0.866950506,2.61,0.595,0.772030651,47,64,-0.361702128
128,,Eco-retrofit Ealing,1954.714286,2010,2,32,116.13,1,0.054054054,276.6233766,213,0.23,0.946,0.15,0.841437632,1.312,0.201,0.84679878,1.037,0.15,0.855351977,3.596,0.81,0.774749722,37.58,5,0.866950506,2.61,0.595,0.772030651,57,50,0.122807018
129,,Eco-retrofit Orpington,1954.714286,2010,2,52,94.76,1,0.054054054,258.8235294,176,0.32,0.946,0.35,0.630021142,1.312,0.45,0.657012195,1.037,0.25,0.758919961,3.596,0.7,0.805339266,37.58,5,0.866950506,2.61,0.595,0.772030651,57,42,0.263157895
130,,Eltham,,,,,,,,,,,,,,,,,,,,,,,,,,,,,,,
131,,Enfield Homes retrofit,,,,,,,,,,,,,,,,,,,,,,,,,,,,,,,
132,,Flagship Retrofit,1954.714286,2010,2,62,62.71,1,0.054054054,365.5172414,106,0.71,0.946,0.35,0.630021142,1.312,0.45,0.657012195,1.037,0.25,0.758919961,3.596,3.3,0.082313682,37.58,5,0.866950506,2.61,0.595,0.772030651,87,25,0.712643678
133,,Gentoo Retrofit,1954.714286,2010,2,50,78.04,1.648648649,0.054054054,514.2857143,108,0.79,0.946,0.13,0.862579281,1.312,0.45,0.657012195,1.037,0.11,0.893924783,3.596,1.1,0.694104561,37.58,5,0.866950506,2.61,0.595,0.772030651,98,22,0.775510204
134,,Gentoo Retrofit Bid 2,1954.714286,2010,2,50,78.04,1.648648649,0.054054054,769.2307692,100,0.87,0.946,0.13,0.862579281,1.312,0.45,0.657012195,1.037,0.11,0.893924783,3.596,1.1,0.694104561,37.58,5,0.866950506,2.61,0.595,0.772030651,148,20,0.864864865
135,,Gentoo Retrofit Bid 3,1954.714286,2010,2,50,64.1,1.648648649,0.054054054,560,112,0.8,0.946,0.13,0.862579281,1.312,0.45,0.657012195,1.037,0.11,0.893924783,3.596,1.1,0.694104561,37.58,5,0.866950506,2.61,0.595,0.772030651,109,22,0.798165138
136,,Green Structures(PCM),1954.714286,2010,2,32,100.34,1,0,987.5,79,0.92,0.946,0.2,0.78858351,1.312,0.45,0.657012195,1.037,0.25,0.758919961,3.596,0.5,0.860956618,37.58,5,0.866950506,2.61,0.595,0.772030651,251,19,0.924302789
137,,Grove Cottage,1954.714286,2009,2,83,134.71,1,0,279.0697674,120,0.57,0.946,0.35,0.630021142,1.312,0.45,0.657012195,1.037,0.25,0.758919961,3.596,3.3,0.082313682,37.58,5,0.866950506,2.61,0.595,0.772030651,55,25,0.545454545
138,,Hanley,,,,,,,,,,,,,,,,,,,,,,,,,,,,,,,
139,,Hard to Heat Homes,1954.714286,2010,2,46,48.31,1,0,335.483871,104,0.69,0.946,0.15,0.841437632,1.312,0.15,0.885670732,1.037,0.09,0.913211186,3.596,0.8,0.77753059,37.58,5,0.866950506,2.61,0.595,0.772030651,81,25,0.691358025
140,,Harrow Road Retrofit,1954.714286,2010,2,31,124.95,1.648648649,0.054054054,225.8064516,70,0.69,0.946,0.13,0.862579281,1.312,0.45,0.657012195,1.037,0.1,0.903567985,3.596,3.3,0.082313682,37.58,5,0.866950506,2.61,0.595,0.772030651,43,14,0.674418605
141,,Hounslow Council,1954.714286,2010,2,32,84.54,1,0,790.9090909,87,0.89,0.946,0.095,0.899577167,1.312,0.8,0.390243902,1.037,0.11,0.893924783,3.596,0.7,0.805339266,37.58,5,0.866950506,2.61,0.595,0.772030651,155,18,0.883870968
142,,Hounslow Passivhaus Retrofit,1954.714286,2010,2,32,84.54,1,0,661.5384615,86,0.87,0.946,0.35,0.630021142,1.312,0.45,0.657012195,1.037,0.25,0.758919961,3.596,0.7,0.805339266,37.58,5,0.866950506,2.61,0.595,0.772030651,131,18,0.86259542
143,,Ilford,,,,,,,,,,,,,,,,,,,,,,,,,,,,,,,
144,,Property in Whitehaven,1954.714286,2010,2,48,76.18,1,0,414.2857143,87,0.79,0.946,0.15,0.841437632,1.312,0.2,0.847560976,1.037,0.1,0.903567985,3.596,0.7,0.805339266,37.58,5,0.866950506,2.61,0.595,0.772030651,78,17,0.782051282
145,,Inspiration Birmingham 2020,1954.714286,2010,2,85,158.86,1,0,504.3478261,116,0.77,0.946,0.2,0.78858351,1.312,0.45,0.657012195,1.037,0.25,0.758919961,3.596,0.7,0.805339266,37.58,5,0.866950506,2.61,0.595,0.772030651,94,20,0.787234043
146,,Prewett Bizley Architects,1954.714286,2010,2,32,105.91,1,0,434.7826087,100,0.77,0.946,0.35,0.630021142,1.312,0.45,0.657012195,1.037,0.25,0.758919961,3.596,0.7,0.805339266,37.58,5,0.866950506,2.61,0.595,0.772030651,79,21,0.734177215
147,,Isos Housing Group,1954.714286,2010,2,50,70.61,1,0,483.3333333,87,0.82,0.946,0.25,0.735729387,1.312,0.17,0.870426829,1.037,0.08,0.922854388,3.596,3.3,0.082313682,37.58,5,0.866950506,2.61,0.595,0.772030651,89,20,0.775280899
148,,L&Q Group,,,,,,,,,,,,,,,,,,,,,,,,,,,,,,,
149,,LB Greenwich,1954.714286,2010,2,32,108.7,1,0,614.2857143,43,0.93,0.946,0.1,0.894291755,1.312,0.13,0.900914634,1.037,0.1,0.903567985,3.596,0.7,0.805339266,37.58,5,0.866950506,2.61,0.595,0.772030651,124,10,0.919354839
150,,Lena Gardens,1954.714286,2010,2,32,195.1,1,0,383.3333333,69,0.82,0.946,0.1,0.894291755,1.312,0.1,0.923780488,1.037,0.1,0.903567985,3.596,3.3,0.082313682,37.58,5,0.866950506,2.61,0.595,0.772030651,73,11,0.849315068
151,,Leicester Housing Association,1974,2010,2,31,87.33,1,0,97.72727273,43,0.56,0.946,0.35,0.630021142,1.312,0.45,0.657012195,1.037,0.25,0.758919961,3.596,3.3,0.082313682,37.58,5,0.866950506,2.61,0.595,0.772030651,21,10,0.523809524
152,,Hastoe Housing Association,1948,2010,2,51,51.1,1.648648649,0.054054054,1828.571429,128,0.93,0.946,0.35,0.630021142,1.312,0.47,0.641768293,1.037,0.25,0.758919961,3.596,3.3,0.082313682,37.58,5,0.866950506,2.61,0.595,0.772030651,435,30,0.931034483
153,,Low Carbon Sheppey,1974,2010,2,52,74.32,1,0,313.3333333,141,0.55,0.946,0.2,0.78858351,1.312,0.4,0.695121951,1.037,0.1,0.903567985,3.596,1.1,0.694104561,37.58,5,0.866950506,2.61,0.595,0.772030651,63,27,0.571428571
154,,Hay Tor,1950,2010,2,53,78.5,1.648648649,0.054054054,288.2352941,147,0.49,0.946,0.21,0.778012685,1.312,0.19,0.855182927,1.037,0.25,0.758919961,3.596,1,0.721913237,37.58,5,0.866950506,2.61,0.595,0.772030651,57,30,0.473684211
155,,Metropolitan Housing Trust,1954.714286,2010,2,32,109.63,1,0,789.6551724,229,0.71,0.946,0.35,0.630021142,1.312,0.45,0.657012195,1.037,0.25,0.758919961,3.596,0.7,0.805339266,37.58,5,0.866950506,2.61,0.595,0.772030651,148,48,0.675675676
156,,Castle Rock Edinvar,1954.714286,2010,2,32,75.25,1.648648649,0.054054054,333.3333333,180,0.46,0.946,0.35,0.630021142,1.312,0.45,0.657012195,1.037,0.25,0.758919961,3.596,3.3,0.082313682,37.58,5,0.866950506,2.61,0.595,0.772030651,42,62,-0.476190476
157,,One Planet Sutton,1954.714286,2010,2,54,74.32,1,0,356.4102564,139,0.61,0.946,0.2,0.78858351,1.312,0.12,0.908536585,1.037,0.13,0.87463838,3.596,1.38,0.616240267,37.58,5,0.866950506,2.61,0.595,0.772030651,73,30,0.589041096
158,,Plus Dane Group,1954.714286,2010,2,55,89.19,1,0,372.5,149,0.6,0.946,0.11,0.88372093,1.312,0.12,0.908536585,1.037,0.15,0.855351977,3.596,3.3,0.082313682,37.58,5,0.866950506,2.61,0.595,0.772030651,77,31,0.597402597
159,,Peabody,1954.714286,2010,2,32,97.55,1,0,302.3255814,130,0.57,0.946,0.11,0.88372093,1.312,0.45,0.657012195,1.037,0.25,0.758919961,3.596,0.8,0.77753059,37.58,5,0.866950506,2.61,0.595,0.772030651,64,26,0.59375
160,,Peterborough EnviroCluster,1970,2010,2,34,76.18,1,0,367.7419355,114,0.69,0.946,0.16,0.830866808,1.312,0.45,0.657012195,1.037,0.1,0.903567985,3.596,0.8,0.77753059,37.58,5,0.866950506,2.61,0.595,0.772030651,68,25,0.632352941
161,,Dartford Borough Council,1954.714286,2010,2,52,60.39,1,0,395.1612903,245,0.38,0.946,0.12,0.873150106,1.312,0.17,0.870426829,1.037,0.13,0.87463838,3.596,1.5,0.582869855,37.58,5,0.866950506,2.61,0.595,0.772030651,76,48,0.368421053
162,,Redlands,1955,2011,2,33,150.5,1,0,229.5454545,101,0.56,0.946,0.35,0.630021142,1.312,0.45,0.657012195,1.037,0.25,0.758919961,3.596,3.3,0.082313682,37.58,5,0.866950506,2.61,0.595,0.772030651,44,17,0.613636364
163,,Powys County Council,1954.714286,2010,2,64,81.75,1,0,561.9047619,118,0.79,0.946,0.142,0.849894292,1.312,0.45,0.657012195,1.037,0.25,0.758919961,3.596,0.7,0.805339266,37.58,5,0.866950506,2.61,0.595,0.772030651,106,25,0.764150943
164,,White Design Associates,1954.714286,2010,2,35,69.68,1.648648649,0.054054054,426.6666667,64,0.85,0.946,0.35,0.630021142,1.312,0.45,0.657012195,1.037,0.25,0.758919961,3.596,3.3,0.082313682,37.58,5,0.866950506,2.61,0.595,0.772030651,79,12,0.848101266
165,,Appledore,,,,,,,,,,,,,,,,,,,,,,,,,,,,,,,
166,,Hockerton Housing Project Trading,1954.714286,2010,2,84,84.08,1,0,481.25,77,0.84,0.946,0.35,0.630021142,1.312,0.45,0.657012195,1.037,0.25,0.758919961,3.596,3.3,0.082313682,37.58,5,0.866950506,2.61,0.595,0.772030651,89,18,0.797752809
167,,Victorian mid-terrace,1888,2013,2,56,60.39,1,0,148.75,119,0.2,0.946,0.35,0.630021142,1.312,0.45,0.657012195,1.037,0.25,0.758919961,3.596,3.3,0.082313682,37.58,5,0.866950506,2.61,0.595,0.772030651,29,23,0.206896552
168,,Cottages,,,,,,,,,,,,,,,,,,,,,,,,,,,,,,,
169,,Home in Scotland,1970,2010,2,86,77.39,1,0,372.7272727,82,0.78,0.946,0.17,0.820295983,1.312,0.2,0.847560976,1.037,0.1,0.903567985,3.596,3.3,0.082313682,37.58,5,0.866950506,2.61,0.595,0.772030651,68,16,0.764705882
170,,A+G Architects,1960,2010,2,57,91.97,1,0,452.3809524,95,0.79,0.946,0.089,0.905919662,1.312,0.45,0.657012195,1.037,0.25,0.758919961,3.596,3.3,0.082313682,37.58,5,0.866950506,2.61,0.595,0.772030651,87,19,0.781609195
171,,Riverside HA,1950,2010,2,48,64.1,1,0,500,90,0.82,0.946,0.19,0.799154334,1.312,0.17,0.870426829,1.037,0.1,0.903567985,3.596,3.3,0.082313682,37.58,5,0.866950506,2.61,0.595,0.772030651,120,21,0.825
172,,Brampton retrofit,1950,2010,2,58,79.9,1,0,303.5714286,85,0.72,0.946,0.35,0.630021142,1.312,0.45,0.657012195,1.037,0.25,0.758919961,3.596,3.3,0.082313682,37.58,5,0.866950506,2.61,0.595,0.772030651,59,9,0.847457627
173,,Encraft Ltd,1954.714286,2010,2,59,79.9,1,0,711.1111111,192,0.73,0.946,0.15,0.841437632,1.312,0.45,0.657012195,1.037,0.25,0.758919961,3.596,0.9,0.749721913,37.58,5,0.866950506,2.61,0.595,0.772030651,148,14,0.905405405
174,,Victory Housing Trust,1954.714286,2010,2,60,85.94,1,0,432.4324324,160,0.63,0.946,0.17,0.820295983,1.312,0.45,0.657012195,1.037,0.12,0.884281581,3.596,1.1,0.694104561,37.58,5,0.866950506,2.61,0.595,0.772030651,134,38,0.71641791
175,,RCT Homes,1954.714286,2010,2,64,74.32,1,0,667.8571429,187,0.72,0.946,0.35,0.630021142,1.312,0.45,0.657012195,1.037,0.25,0.758919961,3.596,3.3,0.082313682,37.58,5,0.866950506,2.61,0.595,0.772030651,125,44,0.648
176,,SNW Home retrofit - Crawley,1968,2010,2,38,83.61,1,0,456.6666667,137,0.7,0.946,0.35,0.630021142,1.312,0.38,0.710365854,1.037,0.25,0.758919961,3.596,3.3,0.082313682,37.58,5,0.866950506,2.61,0.595,0.772030651,89,28,0.685393258
177,,SOLAR HOUSE 80/50,1954.714286,2010,2,61,99.41,1,0,285.7142857,160,0.44,0.946,0.21,0.778012685,1.312,0.16,0.87804878,1.037,0.15,0.855351977,3.596,1.2,0.666295884,37.58,5,0.866950506,2.61,0.595,0.772030651,68,38,0.441176471
178,,Victorian house,1954.714286,2010,2,32,87.33,1,0,536,268,0.5,0.946,0.21,0.778012685,1.312,0.16,0.87804878,1.037,0.15,0.855351977,3.596,1.2,0.666295884,37.58,5,0.866950506,2.61,0.595,0.772030651,102,56,0.450980392
179,,Holistic Optimal Retrofit,1989,2010,2,64,57.97,1,0,600,120,0.8,0.946,0.35,0.630021142,1.312,0.45,0.657012195,1.037,0.25,0.758919961,3.596,1.1,0.694104561,37.58,5,0.866950506,2.61,0.595,0.772030651,115,28,0.756521739
180,,South Chingford - Ascham Homes,1960,2010,2,32,104.98,1,0,443.3333333,133,0.7,0.946,0.16,0.830866808,1.312,0.45,0.657012195,1.037,0.25,0.758919961,3.596,3.3,0.082313682,37.58,5,0.866950506,2.61,0.595,0.772030651,88,26,0.704545455
181,,Yorkshire Housing,1954.714286,2010,2,58,75.25,1.648648649,0.054054054,500,155,0.69,0.946,0.25,0.735729387,1.312,0.4,0.695121951,1.037,0.13,0.87463838,3.596,3.3,0.082313682,37.58,5,0.866950506,2.61,0.595,0.772030651,93,37,0.602150538
182,,Thamesmead Retrofit House,1954.714286,2012,2,32,175.12,2,0,545,109,0.8,0.946,0.1,0.894291755,1.312,0.45,0.657012195,1.037,0.1,0.903567985,3.596,0.8,0.77753059,37.58,5,0.866950506,2.61,0.595,0.772030651,105,22,0.79047619
183,,Melin Homes,1960,2011,2,64,85.47,1,0,351.8518519,95,0.73,0.946,0.16,0.830866808,1.312,0.23,0.824695122,1.037,0.12,0.884281581,3.596,0.8,0.77753059,37.58,5,0.866950506,2.61,0.595,0.772030651,71,20,0.718309859
184,,The Oxford Whole House Carbon Reduction Project,1954.714286,2010,2,57,77.11,1,0,375,120,0.68,0.946,0.1,0.894291755,1.312,0.2,0.847560976,1.037,0.1,0.903567985,3.596,3.3,0.082313682,37.58,5,0.866950506,2.61,0.595,0.772030651,71,25,0.647887324
185,,Tower Hamlets,1960,2010,2,32,104.05,2,0,545.7142857,191,0.65,0.946,0.35,0.630021142,1.312,0.45,0.657012195,1.037,0.25,0.758919961,3.596,3.3,0.082313682,37.58,5,0.866950506,2.61,0.595,0.772030651,103,40,0.611650485
186,,Tunbridge Wells,1950,2010,2,52,77.11,1,0,356.6666667,107,0.7,0.946,0.14,0.852008457,1.312,0.48,0.634146341,1.037,0.1,0.903567985,3.596,0.8,0.77753059,37.58,5,0.866950506,2.61,0.595,0.772030651,69,17,0.753623188
187,,WHISCERS,1954.714286,2010,2,32,113.34,1,0,216.6666667,91,0.58,0.946,0.35,0.630021142,1.312,0.45,0.657012195,1.037,0.25,0.758919961,3.596,3.3,0.082313682,37.58,5,0.866950506,2.61,0.595,0.772030651,41,19,0.536585366
188,,Wakefield and District Housing Kettlethorpe retrofit 2,1950,2010,2,58,82.68,1,0,310.8108108,115,0.63,0.946,0.35,0.630021142,1.312,0.45,0.657012195,1.037,0.25,0.758919961,3.596,3.3,0.082313682,37.58,5,0.866950506,2.61,0.595,0.772030651,60,25,0.583333333
189,,Two Piers Housing Co-Operative,1954.714286,2010,2,39,177.44,1,0,578.9473684,110,0.81,0.946,0.15,0.841437632,1.312,0.14,0.893292683,1.037,0.1,0.903567985,3.596,3.3,0.082313682,37.58,5,0.866950506,2.61,0.595,0.772030651,107,23,0.785046729
190,,Crawley Homes,1950,2010,2,38,78.97,1,0,458.6206897,133,0.71,0.946,0.15,0.841437632,1.312,0.38,0.710365854,1.037,0.25,0.758919961,3.596,3.3,0.082313682,37.58,5,0.866950506,2.61,0.595,0.772030651,84,28,0.666666667
191,,Princedale Road,1910,2010,2,32,0,1,0,250.9803922,128,0.49,0.946,0.35,0.630021142,1.312,0.45,0.657012195,1.037,0.25,0.758919961,3.596,0.7,0.805339266,37.58,5,0.866950506,2.61,0.595,0.772030651,70,20,0.714285714
192,,Mosaic Midmoor Road,1910,2010,2,32,0,1,0,469.6969697,155,0.67,0.946,0.35,0.630021142,1.312,0.45,0.657012195,1.037,0.25,0.758919961,3.596,0.7,0.805339266,37.58,5,0.866950506,2.61,0.595,0.772030651,77,32,0.584415584
193,,Penzance,1950,2010,2,41,0,1,0,538.0952381,113,0.79,0.946,0.35,0.630021142,1.312,0.45,0.657012195,1.037,0.25,0.758919961,3.596,0.7,0.805339266,37.58,5,0.866950506,2.61,0.595,0.772030651,148,17,0.885135135
194,,406 Collins Street,1960,2011,11,65,4004.12,1.648648649,0.054054054,500,250,0.5,0.946,0.45,0.524312896,1.312,0.45,0.657012195,1.037,0.25,0.758919961,3.596,3.3,0.082313682,37.58,5,0.866950506,2.61,0.595,0.772030651,212,106,0.5
195,,182 Capel Street,1984,2011,11,65,1600.72,3,1,118,59,0.5,0.946,0.45,0.524312896,1.312,0.45,0.657012195,1.037,0.25,0.758919961,3.596,3.3,0.082313682,37.58,5,0.866950506,2.61,0.595,0.772030651,50,25,0.5
196,,Council House 2 (CH2),,,,,,,,,,,,,,,,,,,,,,,,,,,,,,,
197,,1525 WILSON BOULEVARD,1987,2010,11,30,29109.95,12,0,666.6666667,500,0.25,0.946,0.45,0.524312896,1.312,0.45,0.657012195,1.037,0.25,0.758919961,3.596,0.7,0.805339266,37.58,5,0.866950506,2.61,0.595,0.772030651,283,212,0.250883392
198,,Johann B?mstrasse 34 + 36,1960,2013,2,67,2844.97,3,1,185.7142857,52,0.72,0.946,0.87,0.080338266,1.312,0.45,0.657012195,1.037,0.87,0.161041466,3.596,0.87,0.758064516,37.58,5,0.866950506,2.61,0.595,0.772030651,78,22,0.717948718
199,,Vester Voldgade.DK,1938,2015,11,68,6734.54,5,0,117.2,58.6,0.5,0.946,1.23,-0.300211416,1.312,0.45,0.657012195,1.037,0.18,0.826422372,3.596,2,0.443826474,37.58,5,0.866950506,2.61,0.595,0.772030651,50,25,0.5
200,,PHI_GAG_Hoheloog_Ludwigshafen,1965,2007,2,75,960.15,3,0,266.6666667,16,0.94,0.946,0.1,0.894291755,1.312,0.17,0.870426829,1.037,0.1,0.903567985,3.596,0.8,0.77753059,37.58,5,0.866950506,2.61,0.595,0.772030651,106,7,0.933962264
201,,Factor10_N?nberg,1930,2002,2,76,960.15,2,0,156.25,25,0.84,0.946,0.35,0.630021142,1.312,0.45,0.657012195,1.037,0.25,0.758919961,3.596,0.7,0.805339266,37.58,5,0.866950506,2.61,0.595,0.772030651,66,11,0.833333333
202,,Gym Ostfildern,1970,2008,10,77,2439.91,1.648648649,0.054054054,164.4444444,74,0.55,0.946,0.2,0.78858351,1.312,0.45,0.657012195,1.037,0.2,0.807135969,3.596,1.29,0.641268076,37.58,5,0.866950506,2.61,0.595,0.772030651,70,31,0.557142857
203,,Angela School,1965,2010,7,78,2670.03,2,0,318.1818182,70,0.78,0.946,0.45,0.524312896,1.312,0.45,0.657012195,1.037,0.25,0.758919961,3.596,0.7,0.805339266,37.58,5,0.866950506,2.61,0.595,0.772030651,135,30,0.777777778
204,,Friedrich-Fr?el-School Olbersdorf,1928,2011,7,79,5610.41,3,1,196.1538462,51,0.74,0.946,0.45,0.524312896,1.312,0.45,0.657012195,1.037,0.25,0.758919961,3.596,3.3,0.082313682,37.58,5,0.866950506,2.61,0.595,0.772030651,82,22,0.731707317
205,,High School Passive House,1968,2013,7,82,1016.36,2,0,800,80,0.9,0.946,0.45,0.524312896,1.312,0.45,0.657012195,1.037,0.25,0.758919961,3.596,3.3,0.082313682,37.58,5,0.866950506,2.61,0.595,0.772030651,339,34,0.899705015
206,,Riga,,,,,,,,,,,,,,,,,,,,,,,,,,,,,,,
207,,The Mildmay Centre,1890,2012,11,32,665.19,2,0,633.3333333,95,0.85,0.946,0.45,0.524312896,1.312,0.45,0.657012195,1.037,0.25,0.758919961,3.596,3.3,0.082313682,37.58,5,0.866950506,2.61,0.595,0.772030651,268,40,0.850746269
208,,Grand Junction,1918,2013,11,22,3861.05,1.648648649,0.054054054,7900,79,0.99,0.946,0.085,0.910147992,1.312,0.45,0.657012195,1.037,0.3,0.710703954,3.596,3.3,0.082313682,37.58,5,0.866950506,2.61,0.595,0.772030651,3350,33,0.990149254
209,,Silver Spring and Lanham,1970,2014,11,29,14643.56,1.648648649,0.054054054,90.56603774,48,0.47,0.946,0.45,0.524312896,1.312,0.45,0.657012195,1.037,0.25,0.758919961,3.596,3.3,0.082313682,37.58,5,0.866950506,2.61,0.595,0.772030651,39,20,0.487179487
210,,Intelligence Community Campus,1946,2015,11,29,21367.69,1.648648649,0.054054054,179.245283,95,0.47,0.946,0.45,0.524312896,1.312,0.45,0.657012195,1.037,0.25,0.758919961,3.596,3.3,0.082313682,37.58,5,0.866950506,2.61,0.595,0.772030651,76,40,0.473684211
211,,Johnson Braund Design Group,1984,2007,11,18,743.22,1.648648649,0.054054054,71.18644068,42,0.41,0.946,0.45,0.524312896,1.312,0.45,0.657012195,1.037,0.25,0.758919961,3.596,3.3,0.082313682,37.58,5,0.866950506,2.61,0.595,0.772030651,30,18,0.4
